StockCode,StockAbbre,IndustryClassification
0001.HK,長和,綜合
0002.HK,中電控股,電力
0003.HK,香港中華煤氣,燃氣
0004.HK,九龍倉集團,地產投資
0005.HK,滙豐控股,銀行
0006.HK,電能實業,電力
0007.HK,凱富能源,其他金屬礦物
0008.HK,電訊盈科,通信服務
0009.HK,九號運通,地產投資
0010.HK,恒隆集團,地產投資
0011.HK,恒生銀行,銀行
0012.HK,恒基地產,房地產
0014.HK,希慎興業,地產投資
0015.HK,盈信控股,房屋建築
0016.HK,新鴻基地產,地產投資
0017.HK,新世界發展,房地產
0018.HK,東方報業集團,出版
0019.HK,太古股份公司A,綜合
0020.HK,會德豐,房地產
0021.HK,大中華地產控股,房地產
0022.HK,茂盛控股,酒店
0023.HK,東亞銀行,銀行
0024.HK,寶威控股,鋼鐵
0025.HK,Chevalier Int'l,綜合
0026.HK,中華汽車,地產投資
0027.HK,銀河娛樂,博彩
0028.HK,天安,房地產
0029.HK,達力集團,地產投資
0030.HK,萬隆控股集團,綜合
0031.HK,航太控股,電子元器件
0032.HK,港通控股,工用運輸
0033.HK,亞投金融集團,其他金融
0034.HK,九龍建業,房地產
0035.HK,遠東發展,房地產
0036.HK,遠東控股國際,服裝
0037.HK,遠東酒店實業,酒店
0038.HK,第一拖拉機股份,重型機械
0039.HK,中國北大荒,超市及便利店
0040.HK,金山工業,消費電子
0041.HK,鷹君,地產投資
0042.HK,東北電氣,電子元器件
0043.HK,蔔蜂國際,飼料
0044.HK,香港飛機工程,航空運輸
0045.HK,大酒店,酒店
0046.HK,科聯系統,資訊化服務
0047.HK,合興集團,餐飲
0048.HK,中國汽車內飾,紡織品
0050.HK,香港小輪,房地產
0051.HK,海港企業,房地產
0052.HK,Fairwood Hold,餐飲
0053.HK,國浩集團,資產管理
0054.HK,合和實業,綜合
0055.HK,中星集團控股,包裝印刷
0056.HK,聯合地產,信貸
0057.HK,震雄集團,電子元器件
0058.HK,新威國際,混凝土
0059.HK,天譽置業,房地產
0060.HK,香港食品投資,包裝食品
0061.HK,綠領控股,煤炭
0062.HK,載通,公交運輸
0063.HK,中國烯穀集團,房地產
0064.HK,結好控股,證券
0065.HK,弘海高新資源,煤炭
0066.HK,港鐵公司,鐵路運輸
0067.HK,旭光高新材料,化工用品
0068.HK,利興發展,資產管理
0069.HK,香格里拉,酒店
0070.HK,金粵控股,博彩
0071.HK,美麗華酒店,旅遊服務
0072.HK,現代傳播,出版
0073.HK,亞洲果業,水果
0075.HK,渝太地產,地產投資
0076.HK,南海石油,電子元器件
0077.HK,進智公共交通,公交運輸
0078.HK,Regal Int'l,酒店
0079.HK,世紀建業,其他服務
0080.HK,中國新經濟投資,UNKNOWN
0081.HK,中國海外宏洋集團,房地產
0082.HK,第一視頻,網路視頻
0083.HK,信和置業,房地產
0084.HK,寶光實業,鐘錶
0085.HK,中電華大科技,半導體
0086.HK,新鴻基公司,UNKNOWN
0087.HK,太古股份公司B,綜合
0088.HK,Tai Cheung Hold,房地產
0089.HK,大生地產,地產投資
0090.HK,琥珀能源,新能源
0091.HK,標準資源控股,油氣開採
0092.HK,Champion Tech,資訊化服務
0093.HK,Termbray Ind,地產投資
0094.HK,綠心集團,林業及木材
0095.HK,綠景中國地產,房地產
0096.HK,Yusei,電子元器件
0097.HK,恒基發展,百貨商城
0098.HK,興發鋁業,鋁
0099.HK,王氏國際,通信設備
0100.HK,白馬戶外媒體,傳媒廣告
0101.HK,恒隆地產,地產投資
0102.HK,凱升控股,博彩
0103.HK,首長寶佳,汽車零部件
0104.HK,Asia Comm Hold,鐘錶
0105.HK,凱聯國際酒店,地產投資
0106.HK,朗詩綠色地產,房地產
0107.HK,四川成渝高速公路,公路運輸
0108.HK,國銳地產,物業管理
0109.HK,天成國際,信貸
0110.HK,中國長遠,通信設備
0111.HK,信達國際控股,證券
0112.HK,勒泰商業地產,房地產
0113.HK,迪生創建,服飾配件
0114.HK,Herald Hold,玩具
0115.HK,鈞濠集團,房地產
0116.HK,周生生,珠寶首飾
0117.HK,天利控股集團,電子元器件
0118.HK,大同機械,電子元器件
0119.HK,保利置業集團,房地產
0120.HK,Cosmopol Int'l,房地產
0121.HK,蔔蜂蓮花,超市及便利店
0122.HK,鱷魚恤,服裝
0123.HK,越秀地產,房地產
0124.HK,粵海置地,房地產
0125.HK,新興光學,眼鏡
0126.HK,佳寧娜,綜合
0127.HK,華人置業,地產投資
0128.HK,安寧控股,服裝配套
0129.HK,泛海集團,房地產
0130.HK,慕詩國際,服裝
0131.HK,卓能,地產投資
0132.HK,中國興業控股,酒店
0133.HK,招商局中國基金,UNKNOWN
0135.HK,昆侖能源,油氣開採
0136.HK,恒騰網路,消費電子
0137.HK,金輝集團,港口運輸
0138.HK,中建富通,資產管理
0139.HK,中國軟實力,半導體
0141.HK,大中華集團,地產投資
0142.HK,第一太平,包裝食品
0143.HK,國安國際,通信設備
0144.HK,招商局港口,港口運輸
0145.HK,香港建屋貸款,其他服務
0146.HK,Tai Ping Carpet,紡織品
0147.HK,國際商業結算,房地產
0148.HK,建滔化工,電子元器件
0149.HK,中國農產品交易,農產品交易
0151.HK,中國旺旺,休閒食品
0152.HK,深圳國際,公路運輸
0153.HK,中國賽特,建築材料
0154.HK,北京控股環境集團,新能源
0155.HK,中國源暢,新能源
0156.HK,力寶華潤,地產投資
0157.HK,自然美,化妝品
0158.HK,萬邦投資,地產投資
0159.HK,布萊克萬礦業,鋼鐵
0160.HK,漢國置業,地產投資
0161.HK,中航國際控股,電子元器件
0162.HK,世紀金花,百貨商城
0163.HK,英皇國際,地產投資
0164.HK,中國寶力科技,旅遊服務
0165.HK,中國光大控股,資產管理
0166.HK,新時代能源,油氣開採
0167.HK,IDT Int'l,消費電子
0168.HK,青島啤酒股份,啤酒
0169.HK,萬達酒店發展,房地產
0170.HK,中國資本,UNKNOWN
0171.HK,銀建國際,地產投資
0172.HK,金榜集團,信貸
0173.HK,嘉華國際,房地產
0174.HK,盛洋投資,資產管理
0175.HK,吉利汽車,汽車製造
0176.HK,先機企業集團,消費電子
0177.HK,江蘇寧滬高速公路,公路運輸
0178.HK,莎莎國際,化妝品
0179.HK,德昌電機控股,汽車零部件
0180.HK,開達集團,玩具
0181.HK,閩港控股,酒店
0182.HK,協合新能源,新能源
0183.HK,宏輝集團,房地產
0184.HK,激成投資,酒店
0185.HK,正恒國際控股,地產投資
0186.HK,Grande Holdings,消費電子
0187.HK,京城機電股份,電子元器件
0188.HK,新華匯富金融,證券
0189.HK,東嶽集團,化工用品
0190.HK,香港建設,房地產
0191.HK,麗新國際,地產投資
0193.HK,冠中地產,酒店
0194.HK,廖創興企業,地產投資
0195.HK,綠科科技國際,其他金屬礦物
0196.HK,宏華集團,氣油設備與服務
0197.HK,亨泰,包裝食品
0198.HK,星美控股,影視
0199.HK,德祥地產,房地產
0200.HK,新濠國際發展,博彩
0201.HK,華大酒店,酒店
0202.HK,潤中國際控股,綜合
0204.HK,中國投資開發,UNKNOWN
0205.HK,財訊傳媒,傳媒廣告
0206.HK,TSC集團,氣油設備與服務
0207.HK,大悅城地產,地產投資
0208.HK,保利達資產,房地產
0209.HK,瀛晟科學,玩具
0210.HK,達芙妮國際,鞋類
0211.HK,Styland Hold,證券
0212.HK,Nanyang Hold,地產投資
0213.HK,National Elec H,電子元器件
0214.HK,匯漢控股,地產投資
0215.HK,和記電訊香港,通信服務
0216.HK,建業實業,地產投資
0217.HK,中國誠通發展集團,其他金屬礦物
0218.HK,申萬宏源,證券
0219.HK,順豪物業,酒店
0220.HK,統一企業中國,瓶裝水
0221.HK,易易壹金融,房地產
0222.HK,閩信集團,銀行
0223.HK,易生活控股,電商及互聯網
0224.HK,建生國際,地產投資
0225.HK,博富臨置業,地產投資
0226.HK,力寶,地產投資
0227.HK,第一上海,證券
0228.HK,中能控股,油氣開採
0229.HK,利民實業,家電
0230.HK,五礦地產,房地產
0231.HK,平安證券集團控股,證券
0232.HK,中國航空工業國際,房地產
0233.HK,銘源醫療,生物醫藥
0234.HK,新世紀集團,旅遊服務
0235.HK,中策集團,資產管理
0236.HK,香港生力啤,啤酒
0237.HK,安全貨倉,地產投資
0238.HK,長興國際,男裝
0239.HK,白花油,中藥
0240.HK,利基控股,建築工程
0241.HK,阿裡健康,資訊化服務
0242.HK,信德集團,綜合
0243.HK,QPL Int'l,半導體
0244.HK,先施,百貨商城
0245.HK,中國民生金融,化工用品
0246.HK,瑞金礦業,貴金屬
0247.HK,TST Properties,房地產
0248.HK,香港通訊國際控股,通信設備
0250.HK,中國數碼資訊,資訊化服務
0251.HK,爪哇控股,地產投資
0252.HK,華信地產財務,包裝印刷
0253.HK,順豪控股,酒店
0254.HK,國家聯合資源,其他金屬礦物
0255.HK,龍記集團,電子元器件
0256.HK,冠城鐘錶珠寶,鐘錶
0257.HK,中國光大國際,新能源
0258.HK,湯臣集團,房地產
0259.HK,億都,電腦設備
0260.HK,幸福控股,油氣開採
0261.HK,中建置地,通信設備
0262.HK,迪臣發展國際,房屋建築
0263.HK,高富集團控股,證券
0264.HK,中璽國際,服飾配件
0265.HK,東勝旅遊,旅遊服務
0266.HK,天德地產,地產投資
0267.HK,中信股份,綜合
0268.HK,金蝶國際,軟體發展
0269.HK,中國資源交通,公路運輸
0270.HK,粵海投資,水務
0271.HK,亞證地產,地產投資
0272.HK,里安房地產,房地產
0273.HK,茂宸集團,資產管理
0274.HK,中富資源,貴金屬
0275.HK,凱華集團,房地產
0276.HK,蒙古能源,煤炭
0277.HK,太興置業,地產投資
0278.HK,華廈置業,地產投資
0279.HK,民眾金融科技,證券
0280.HK,景福集團,珠寶首飾
0281.HK,川河集團,房地產
0282.HK,壹傳媒,出版
0283.HK,高銀地產,UNKNOWN
0285.HK,比亞迪電子,通信設備
0286.HK,同佳健康,健康管理
0287.HK,永發置業,地產投資
0288.HK,萬洲國際,肉製品
0289.HK,Wing On Co,百貨商城
0290.HK,中國富強金融,證券
0291.HK,華潤啤酒,啤酒
0292.HK,泛海酒店,酒店
0293.HK,國泰航空,航空運輸
0294.HK,長江制衣,服裝
0295.HK,江山控股,新能源
0296.HK,英皇娛樂酒店,博彩
0297.HK,中化化肥,化肥
0298.HK,莊士中國,房地產
0299.HK,新體育,體育
0300.HK,昆明機床,重型機械
0303.HK,Vtech Holdings,通信設備
0305.HK,五菱汽車,汽車零部件
0306.HK,冠忠巴士集團,公交運輸
0307.HK,優派能源發展,煤炭
0308.HK,香港中旅,旅遊服務
0309.HK,新華通訊頻媒,其他服務
0310.HK,嘉進投資國際,UNKNOWN
0311.HK,聯泰控股,服裝
0312.HK,歲寶百貨,百貨商城
0313.HK,裕田中國,房地產
0315.HK,數碼通電訊,通信服務
0316.HK,東方海外國際,港口運輸
0317.HK,中船防務,船舶製造
0318.HK,黃河實業,信貸
0319.HK,勤美達國際,UNKNOWN
0320.HK,金寶通,消費電子
0321.HK,德永佳集團,紡織品
0322.HK,康師傅控股,瓶裝水
0323.HK,馬鞍山鋼鐵股份,鋼鐵
0326.HK,中國星集團,博彩
0327.HK,百富環球,電商及互聯網
0328.HK,Alco Holdings,消費電子
0329.HK,東建國際,葡萄酒
0330.HK,思捷環球,服裝
0331.HK,豐盛機電,房屋建築
0332.HK,元亨燃氣,油氣開採
0333.HK,黛麗斯國際,內衣
0334.HK,華顯光電,電腦設備
0335.HK,美建集團,證券
0336.HK,華寶國際,食品添加劑
0337.HK,綠地香港,房地產
0338.HK,上海石油化工股份,化工用品
0339.HK,安利時投資,UNKNOWN
0340.HK,中國礦業,茶
0341.HK,大家樂集團,餐飲
0342.HK,新海能源,油氣開採
0343.HK,文化傳信,出版
0345.HK,Vitasoy Int'l,乳製品
0346.HK,延長石油國際,油氣開採
0347.HK,鞍鋼股份,鋼鐵
0348.HK,中國智慧健康,玩具
0351.HK,亞洲能源物流,港口運輸
0352.HK,富陽,房地產服務
0353.HK,能源國際投資,油氣開採
0354.HK,中國軟體國際,資訊化服務
0355.HK,世紀城市國際,酒店
0356.HK,鼎立資本,UNKNOWN
0357.HK,航基股份,航空運輸
0358.HK,江西銅業股份,銅
0359.HK,海升果汁,果汁飲料
0360.HK,新焦點,其他服務
0361.HK,順龍控股,體育用品
0362.HK,中國天化工,化工用品
0363.HK,上海實業控股,綜合
0364.HK,區塊鏈集團,茶
0365.HK,紫光控股,電子元器件
0366.HK,陸氏集團,水泥
0367.HK,莊士機構國際,房地產
0368.HK,中外運航運,港口運輸
0369.HK,永泰地產,房地產
0370.HK,國華,消費電子
0371.HK,北控水務集團,水務
0372.HK,保德國際發展,資產管理
0373.HK,聯合集團,信貸
0374.HK,四洲集團,包裝食品
0375.HK,YGM Trading,服裝配套
0376.HK,雲鋒金融,證券
0377.HK,華君控股,包裝印刷
0378.HK,五龍動力,資產管理
0379.HK,恒嘉融資租賃,融資租賃
0380.HK,冠力國際,管材
0381.HK,僑雄國際,玩具
0382.HK,,電子元器件
0383.HK,中國醫療網路,其他
0384.HK,中國燃氣,燃氣
0385.HK,建聯集團,房屋建築
0386.HK,中國石油化工股份,油氣開採
0387.HK,力豐,電子元器件
0388.HK,香港交易所,其他金融
0389.HK,通天酒業,葡萄酒
0390.HK,中國中鐵,建築工程
0391.HK,美亞娛樂資訊,影視
0392.HK,北京控股,燃氣
0393.HK,旭日企業,服裝配套
0395.HK,中國智慧集團,電商及互聯網
0396.HK,興利,傢俱家居
0397.HK,君陽金融,證券
0398.HK,東方表行集團,鐘錶
0399.HK,領航醫藥生物科技,化妝品
0400.HK,科通芯城,電商及互聯網
0401.HK,萬嘉集團,醫藥商業
0402.HK,天下圖控股,軟體發展
0403.HK,星光集團,包裝印刷
0404.HK,新昌集團控股,房屋建築
0406.HK,有利集團,房屋建築
0408.HK,葉氏化工集團,化工用品
0410.HK,SOHO中國,地產投資
0411.HK,南順,麵粉
0412.HK,中國山東高速金融,融資租賃
0413.HK,南華集團控股,玩具
0416.HK,錦州銀行,銀行
0417.HK,謝瑞麟,珠寶首飾
0418.HK,方正控股,軟體發展
0419.HK,華誼騰訊娛樂,健康管理
0420.HK,福田實業,紡織品
0422.HK,越南製造加工出口,汽車零部件
0423.HK,經濟日報集團,出版
0425.HK,敏實集團,汽車零部件
0426.HK,萬華媒體,出版
0428.HK,匯嘉中國,UNKNOWN
0430.HK,東方網庫,資產管理
0431.HK,大中華金融,綜合
0432.HK,盈大地產,房地產
0433.HK,北方礦業,其他金屬礦物
0434.HK,博雅互動,軟體發展
0436.HK,新宇環保,環保工程
0438.HK,彩虹新能源,新能源
0439.HK,光啟科學,衛星及無線通訊
0440.HK,大新金融,銀行
0442.HK,海福德集團,珠寶首飾
0444.HK,Sincerewatch HK,鐘錶
0445.HK,中國消防,電子元器件
0449.HK,志高控股,家電
0450.HK,鴻興印刷集團,包裝印刷
0451.HK,協鑫新能源,新能源
0455.HK,天大藥業,藥品
0456.HK,新城市建設發展,地產投資
0458.HK,聯亞集團,服裝配套
0459.HK,美聯工商鋪,房地產服務
0460.HK,四環醫藥,藥品
0462.HK,天然乳品,乳製品
0464.HK,建福集團,家電
0465.HK,富通科技,電腦設備
0467.HK,聯合能源集團,油氣開採
0468.HK,紛美包裝,包裝印刷
0469.HK,凱普松國際,電子元器件
0471.HK,中播控股,衛星及無線通訊
0472.HK,新絲路文旅,葡萄酒
0474.HK,昊天發展集團,信貸
0475.HK,中發展控股,珠寶首飾
0476.HK,中國動力控股,銅
0479.HK,華建控股,電腦設備
0480.HK,香港興業國際,房地產
0482.HK,聖馬丁國際,消費電子
0483.HK,包浩斯國際,服裝
0484.HK,雲遊控股,軟體發展
0485.HK,中國華星,消費電子
0486.HK,俄鋁,鋁
0487.HK,實德環球,旅遊服務
0488.HK,麗新發展,地產投資
0489.HK,東風集團股份,汽車製造
0491.HK,英皇文化產業,影視
0493.HK,國美零售,家電
0494.HK,利豐,服裝配套
0495.HK,Paladin,地產投資
0496.HK,卡森國際,傢俱家居
0497.HK,資本策略地產,房地產
0498.HK,保華集團,房屋建築
0499.HK,青島控股,地產投資
0500.HK,先豐服務集團,航空運輸
0503.HK,朗生醫藥,藥品
0505.HK,歡悅互娛,銅
0506.HK,中國食品,葡萄酒
0508.HK,鼎億集團投資,信貸
0509.HK,世紀陽光,化肥
0510.HK,時富金融服務集團,證券
0511.HK,電視廣播,有線電視
0512.HK,遠大醫藥,藥品
0513.HK,恒和集團,珠寶首飾
0515.HK,達進東方照明,電子元器件
0517.HK,中遠海運國際,港口運輸
0518.HK,同得仕,女裝
0519.HK,實力建業,地產投資
0520.HK,呷哺呷哺,餐飲
0521.HK,CWT Int'l,資訊化服務
0522.HK,ASM Pacific,半導體
0524.HK,e-Kong Group,通信服務
0525.HK,廣深鐵路股份,鐵路運輸
0526.HK,利時集團控股,傢俱家居
0527.HK,瑞風新能源,新能源
0528.HK,金達控股,紡織品
0529.HK,SIS Int'l,通信設備
0530.HK,高銀金融,信貸
0531.HK,順誠,UNKNOWN
0532.HK,WKK Intl,電子元器件
0533.HK,金利來集團,男裝
0535.HK,金地商置,房地產
0536.HK,貿易通,電商及互聯網
0538.HK,味千,餐飲
0539.HK,冠華國際控股,紡織品
0540.HK,迅捷環球控股,服裝配套
0542.HK,富元國際集團,酒店
0543.HK,太平洋網路,電商及互聯網
0544.HK,大同集團,物流
0546.HK,阜豐集團,食品添加劑
0547.HK,數字王國,影視
0548.HK,深圳高速公路股份,公路運輸
0549.HK,奇峰化纖,UNKNOWN
0550.HK,KK文化,傳媒廣告
0551.HK,裕元集團,鞋類
0552.HK,中國通信服務,通信設備
0553.HK,南京熊貓電子股份,通信設備
0554.HK,漢思能源,氣油設備與服務
0555.HK,禦泰中彩控股,彩票
0556.HK,泛亞環保,環保工程
0557.HK,天元醫療,酒店
0558.HK,力勁科技,電子元器件
0559.HK,德泰新能源集團,信貸
0560.HK,珠江船務,港口運輸
0563.HK,上實城市開發,房地產
0564.HK,鄭煤機,重型機械
0565.HK,錦藝集團控股,地產投資
0566.HK,漢能薄膜發電,新能源
0567.HK,大昌微線集團,電子元器件
0568.HK,山東墨龍,氣油設備與服務
0569.HK,中國自動化,資訊化服務
0570.HK,中國中藥,中藥
0571.HK,豐德麗控股,影視
0572.HK,未來世界金融,電商及互聯網
0573.HK,稻香控股,餐飲
0574.HK,百信國際,醫藥商業
0575.HK,勵晶太平洋,其他
0576.HK,浙江滬杭甬,公路運輸
0577.HK,十三集團,房屋建築
0578.HK,融信資源,煤炭
0579.HK,京能清潔能源,電力
0580.HK,賽晶電力電子,電子元器件
0581.HK,中國東方集團,鋼鐵
0582.HK,藍鼎國際,博彩
0583.HK,長城環亞控股,地產投資
0585.HK,意馬國際,證券
0586.HK,海螺創業,環保工程
0587.HK,華瀚健康,藥品
0588.HK,北京北辰實業股份,房地產
0589.HK,寶國國際,服裝配套
0590.HK,六福集團,珠寶首飾
0591.HK,中國高精密,電子元器件
0592.HK,Bossini Int'l,服裝配套
0593.HK,夢東方,房地產
0595.HK,AV Concept Hold,半導體
0596.HK,浪潮國際,軟體發展
0598.HK,中國外運,港口運輸
0599.HK,怡邦行控股,傢俱家居
0600.HK,中國基建投資,氣油設備與服務
0601.HK,權智,消費電子
0602.HK,佳華百貨控股,百貨商城
0603.HK,中油燃氣,燃氣
0604.HK,深圳控股,房地產
0605.HK,中國金融投資管理,信貸
0606.HK,中國糧油控股,食用油
0607.HK,豐盛控股,環保工程
0608.HK,達利國際,服裝
0609.HK,天德化工,化工用品
0610.HK,Wai Kee Hold,建築工程
0611.HK,中國核能科技,新能源
0612.HK,中國投資基金公司,UNKNOWN
0613.HK,Yugang Int'l,地產投資
0616.HK,高山企業,房地產
0617.HK,百利保控股,酒店
0618.HK,北大資源,房地產
0619.HK,南華金融,證券
0620.HK,大唐西市,珠寶首飾
0621.HK,壇金礦業,貴金屬
0622.HK,威華達控股,證券
0623.HK,中視金橋,傳媒廣告
0626.HK,大眾金融控股,銀行
0627.HK,福晟國際,建築材料
0628.HK,國美金融科技,信貸
0629.HK,悅達礦業,其他金屬礦物
0630.HK,雋泰控股,醫療器械
0631.HK,三一國際,重型機械
0632.HK,東方明珠石油,油氣開採
0633.HK,中國全通,衛星及無線通訊
0635.HK,彩星集團,玩具
0636.HK,嘉裡物流,物流
0637.HK,利記,其他金屬礦物
0638.HK,建溢集團,家電
0639.HK,首鋼資源,煤炭
0640.HK,星謙發展,化工用品
0641.HK,中國恒天立信國際,電子元器件
0643.HK,恒富控股,服裝
0645.HK,安域亞洲,煤炭
0646.HK,中國環保科技,水務
0647.HK,Joyce Boutique,服裝配套
0648.HK,中國華仁醫療,醫療器械
0650.HK,IDG能源,油氣開採
0651.HK,中海重工,汽車零部件
0653.HK,卓悅控股,化妝品
0655.HK,香港華人有限公司,房地產
0656.HK,複星國際,綜合
0657.HK,環科國際,餐飲
0658.HK,中國高速傳動,通用設備
0659.HK,新創建集團,綜合
0660.HK,偉俊礦業集團,化肥
0661.HK,中國大冶有色金屬,銅
0662.HK,亞洲金融,保險
0663.HK,金山能源,貴金屬
0665.HK,海通國際,證券
0666.HK,新工投資,UNKNOWN
0668.HK,東銀國際控股,信貸
0669.HK,創科實業,家電
0670.HK,中國東方航空股份,航空運輸
0672.HK,眾安房產,房地產
0673.HK,中國衛生集團,其他
0674.HK,中國唐商,綜合
0675.HK,堅寶國際,電子元器件
0676.HK,創信國際,鞋類
0677.HK,金源米業,大米
0678.HK,雲頂香港,旅遊服務
0679.HK,亞洲聯網科技,電子元器件
0680.HK,南海控股,影視
0681.HK,中民控股,燃氣
0682.HK,超大現代,蔬菜
0683.HK,嘉裡建設,房地產
0684.HK,亞倫國際,家電
0685.HK,世界華文媒體,出版
0686.HK,熊貓綠能,新能源
0687.HK,香港國際建投,建築工程
0688.HK,中國海外發展,房地產
0689.HK,長盈集團,油氣開採
0690.HK,聯康生物科技集團,藥品
0691.HK,山水水泥,水泥
0692.HK,中國家居,傢俱家居
0693.HK,陳唱國際,汽車經銷
0694.HK,北京首都機場股份,航空運輸
0695.HK,東吳水泥,水泥
0696.HK,中國民航資訊網路,資訊化服務
0697.HK,Shougang Int'l,鋼鐵
0698.HK,通達集團,通信設備
0699.HK,神州租車,汽車租賃
0700.HK,騰訊控股,電商及互聯網
0701.HK,CNT Group,塗料
0702.HK,中國油氣控股,油氣開採
0703.HK,Future Bright,餐飲
0704.HK,和嘉資源,煤炭
0705.HK,鼎和礦業,其他金屬礦物
0706.HK,美麗中國控股,林業及木材
0707.HK,協盛協豐,紡織品
0708.HK,恒大健康,出版
0709.HK,佐丹奴國際,服裝配套
0710.HK,京東方精電,電腦設備
0711.HK,亞洲聯合基建控股,建築工程
0712.HK,卡姆丹克太陽能,新能源
0713.HK,世界,傢俱家居
0715.HK,中泛控股,地產投資
0716.HK,勝獅貨櫃,物流
0717.HK,英皇證券,證券
0718.HK,太和控股,資產管理
0719.HK,山東新華製藥股份,藥品
0720.HK,意達利控股,汽車經銷
0721.HK,中國金融國際,UNKNOWN
0722.HK,聯合醫務,健康管理
0723.HK,永保林業,林業及木材
0724.HK,瑞鑫國際集團,半導體
0725.HK,恒都集團,電子元器件
0726.HK,中民築友科技,房地產
0727.HK,皇冠環球集團,酒店
0728.HK,中國電信,通信服務
0729.HK,五龍電動車,新能源
0730.HK,Shougang Grand,融資租賃
0731.HK,森信紙業集團,紙製品
0732.HK,信利國際,電腦設備
0733.HK,合富輝煌,房地產服務
0735.HK,中國電力清潔能源,新能源
0736.HK,中國置業投資,地產投資
0737.HK,合和公路基建,公路運輸
0738.HK,賴爾斯丹,鞋類
0743.HK,亞洲水泥,水泥
0745.HK,中國國家文化產業,傳媒廣告
0746.HK,理文化工,化工用品
0747.HK,瀋陽公用發展股份,房屋建築
0750.HK,興業太陽能,幕牆
0751.HK,創維數碼,消費電子
0752.HK,Pico Far East,傳媒廣告
0753.HK,中國國航,航空運輸
0754.HK,合生創展集團,房地產
0755.HK,上海證大,房地產
0756.HK,森美控股,果汁飲料
0757.HK,陽光能源,新能源
0758.HK,Junefield Group,其他金屬礦物
0759.HK,CEC Int'l Hold,超市及便利店
0760.HK,新天地產集團,房地產
0761.HK,百營環球資源,煤炭
0762.HK,中國聯通,通信服務
0763.HK,中興通訊,通信設備
0764.HK,永恆策略,珠寶首飾
0765.HK,Perfectech Intl,玩具
0766.HK,中盈集團控股,信貸
0767.HK,Pacific Plywood,信貸
0768.HK,開明投資,UNKNOWN
0769.HK,中國稀土,其他金屬礦物
0770.HK,Shanghai Growth,UNKNOWN
0771.HK,自動系統,資訊化服務
0775.HK,長江生命科技,藥品
0776.HK,帝國集團環球控股,傢俱家居
0777.HK,網龍,軟體發展
0787.HK,利標品牌,童裝
0789.HK,領視控股,珠寶首飾
0794.HK,錦勝集團,紙製品
0798.HK,中電光穀,房地產
0799.HK,IGG,軟體發展
0800.HK,A8新媒體,音樂
0801.HK,金衛醫療,醫療器械
0802.HK,中國錢包,軟體發展
0803.HK,昌興國際,鋼鐵
0804.HK,鼎石資本,證券
0805.HK,Glencore-S,UNKNOWN
0806.HK,惠理集團,資產管理
0809.HK,大成生化科技,化肥
0810.HK,中國互聯網投資,UNKNOWN
0811.HK,新華文軒,出版
0812.HK,西證國際證券,證券
0813.HK,世茂房地產,房地產
0814.HK,北京京客隆,超市及便利店
0815.HK,中國白銀集團,貴金屬
0816.HK,華電福新,新能源
0817.HK,中國金茂,房地產
0818.HK,高陽科技,資訊化服務
0819.HK,天能動力,新能源
0821.HK,匯盈控股,證券
0822.HK,嘉瑞國際,電子元器件
0825.HK,新世界百貨中國,百貨商城
0826.HK,天工國際,鋼鐵
0827.HK,玖源集團,化肥
0828.HK,王朝酒業,葡萄酒
0829.HK,神冠控股,包裝食品
0830.HK,遠東環球,幕牆
0831.HK,利亞零售,超市及便利店
0832.HK,建業地產,房地產
0833.HK,華訊,家電
0834.HK,康大食品,肉製品
0835.HK,亞洲煤業,煤炭
0836.HK,華潤電力,電力
0837.HK,譚木匠,傢俱家居
0838.HK,億和控股,電子元器件
0840.HK,天業節水,電子元器件
0841.HK,木薯資源,新能源
0842.HK,理士國際,新能源
0844.HK,廣泰國際控股,內衣
0845.HK,恒盛地產,房地產
0846.HK,明發集團,房地產
0847.HK,哈薩克礦業－S,UNKNOWN
0848.HK,茂業國際,百貨商城
0850.HK,投融長富,電子元器件
0851.HK,盛源控股,資產管理
0852.HK,海峽石油化工,油氣開採
0853.HK,微創醫療,醫療器械
0854.HK,威雅利,半導體
0855.HK,中國水務,水務
0856.HK,偉仕佳傑,電腦設備
0857.HK,中國石油股份,油氣開採
0858.HK,精優藥業,藥品
0859.HK,鎮科集團,地產投資
0860.HK,奧立仕控股,珠寶首飾
0861.HK,神州控股,資訊化服務
0862.HK,遠見控股,資訊化服務
0863.HK,品牌中國,傳媒廣告
0864.HK,永利地產發展,地產投資
0865.HK,建德國際控股,房地產
0866.HK,中國秦發,煤炭
0867.HK,康哲藥業,醫藥商業
0868.HK,信義玻璃,電子元器件
0869.HK,彩星玩具,玩具
0871.HK,中國疏浚環保,建築工程
0872.HK,啟迪國際,汽車經銷
0873.HK,中國泰豐床品,傢俱家居
0874.HK,白雲山,中藥
0875.HK,中國金控,蔬菜
0876.HK,佳兆業健康,醫療器械
0877.HK,昂納科技集團,通信設備
0878.HK,金朝陽集團,地產投資
0880.HK,澳博控股,博彩
0881.HK,中升控股,汽車經銷
0882.HK,天津發展,綜合
0883.HK,中國海洋石油,油氣開採
0884.HK,旭輝控股集團,房地產
0885.HK,仁天科技控股,軟體發展
0886.HK,銀基集團,酒
0887.HK,英皇鐘錶珠寶,鐘錶
0888.HK,路訊通,廣播
0889.HK,連達科技控股,電子元器件
0891.HK,利邦,男裝
0893.HK,中國鐵鈦,鋼鐵
0894.HK,萬裕科技,電子元器件
0895.HK,東江環保,環保工程
0896.HK,興勝創建,房屋建築
0897.HK,位元堂,保健品
0898.HK,萬事昌國際,地產投資
0899.HK,亞洲資源,地產投資
0900.HK,Aeon Credit,信貸
0901.HK,鷹力投資,UNKNOWN
0902.HK,華能國際電力股份,電力
0903.HK,冠捷科技,電腦設備
0904.HK,中綠,農產品
0905.HK,環球大通投資,UNKNOWN
0906.HK,中糧包裝,包裝印刷
0907.HK,高雅光學,眼鏡
0908.HK,珠海控股投資,酒店
0909.HK,中大國際,汽車零部件
0910.HK,中國三迪,地產投資
0911.HK,前海健康,醫藥商業
0912.HK,信佳國際,消費電子
0913.HK,合一投資,UNKNOWN
0914.HK,海螺水泥,水泥
0915.HK,道和環球,供應鏈管理
0916.HK,龍源電力,新能源
0918.HK,國能國際資產,服裝配套
0919.HK,現代美容,美容保健
0921.HK,海信科龍,家電
0922.HK,安賢園中國,其他服務
0923.HK,綜合環保集團,紙製品
0925.HK,北京建設,建築工程
0926.HK,碧生源,保健品
0927.HK,富士高實業,消費電子
0928.HK,蓮和醫療,健康管理
0929.HK,國際精密,電子元器件
0931.HK,中國天然氣,資產管理
0932.HK,順騰國際控股,保健品
0933.HK,光匯石油,油氣開採
0934.HK,中石化冠德,氣油設備與服務
0935.HK,龍翔集團,港口運輸
0936.HK,鵬程亞洲,重型機械
0938.HK,民生國際,房地產
0939.HK,建設銀行,銀行
0940.HK,中國動物保健品,動物用藥
0941.HK,中國移動,通信服務
0943.HK,意科控股,傢俱家居
0945.HK,宏利金融-S,UNKNOWN
0947.HK,摩比發展,通信設備
0948.HK,融達控股,通信設備
0950.HK,李氏大藥廠,藥品
0951.HK,超微動力,新能源
0952.HK,中國泛海金融,證券
0953.HK,邵氏兄弟控股,鞋類
0954.HK,常茂生物,食品添加劑
0956.HK,新天綠色能源,新能源
0958.HK,華能新能源,新能源
0959.HK,奧瑪仕國際,博彩
0960.HK,龍湖地產,房地產
0963.HK,華熙生物科技,生物醫藥
0966.HK,中國太平,保險
0967.HK,桑德國際,水務
0968.HK,信義光能,新能源
0969.HK,華聯國際,糖類
0970.HK,耀萊集團,汽車經銷
0973.HK,L'Occitane,化妝品
0974.HK,中國順客隆,超市及便利店
0975.HK,Mongol Mining,煤炭
0976.HK,齊合環保,銅
0978.HK,招商局置地,房地產
0979.HK,綠色能源科技集團,環保工程
0980.HK,聯華超市,超市及便利店
0981.HK,中芯國際,半導體
0982.HK,華金國際資本,包裝印刷
0983.HK,里安建業,房屋建築
0984.HK,永旺,超市及便利店
0985.HK,中譽集團,銅
0986.HK,中國環保能源,電商及互聯網
0987.HK,中國再生能源投資,新能源
0988.HK,絲路物流控股,煤炭
0989.HK,廣澤國際發展,房地產
0990.HK,榮暉國際,化工用品
0991.HK,大唐發電,電力
0992.HK,聯想集團,電腦設備
0993.HK,華融金控,證券
0994.HK,恒誠建築,房屋建築
0995.HK,安徽皖通高速公路,公路運輸
0996.HK,嘉年華國際,地產投資
0997.HK,普匯中金國際,地產投資
0998.HK,中信銀行,銀行
0999.HK,I.T,服裝
1000.HK,北青傳媒,出版
1001.HK,滬港聯合,鋼鐵
1002.HK,威鋮國際,電子元器件
1003.HK,歡喜傳媒,影視
1004.HK,中國智慧能源,資產管理
1005.HK,Matrix Holdings,玩具
1006.HK,長壽花食品,食用油
1007.HK,大慶乳業,乳製品
1008.HK,貴聯控股,包裝印刷
1009.HK,國際娛樂,地產投資
1010.HK,太睿國際控股,半導體
1011.HK,泰淩醫藥,藥品
1013.HK,偉俊集團控股,資訊化服務
1019.HK,康宏環球,保險
1020.HK,賽伯樂國際控股,電子元器件
1021.HK,麥達斯控股─S,UNKNOWN
1022.HK,飛魚科技,軟體發展
1023.HK,時代集團控股,服飾配件
1026.HK,環球實業科技,水務
1027.HK,中國集成控股,傢俱家居
1028.HK,千百度,鞋類
1029.HK,鐵貨,鋼鐵
1030.HK,新城發展控股,房地產
1031.HK,金利豐金融,證券
1033.HK,中石化油服,氣油設備與服務
1035.HK,BBI生命科學,生物醫藥
1036.HK,萬科置業海外,地產投資
1037.HK,雲智匯科技,電子元器件
1038.HK,長江基建集團,電力
1039.HK,鑫網易商,電商及互聯網
1041.HK,林達控股,資產管理
1043.HK,光宇國際集團科技,新能源
1044.HK,恒安國際,化妝品
1045.HK,亞太衛星,衛星及無線通訊
1046.HK,寰宇國際金融,影視
1047.HK,毅興行,化工用品
1048.HK,煜新控股,鋼鐵
1049.HK,時富投資,傢俱家居
1050.HK,嘉利國際,電腦設備
1051.HK,國際資源,貴金屬
1052.HK,越秀交通基建,公路運輸
1053.HK,重慶鋼鐵股份,鋼鐵
1055.HK,中國南方航空股份,航空運輸
1057.HK,浙江世寶,汽車零部件
1058.HK,粵海制革,服飾配件
1059.HK,看通集團,資訊化服務
1060.HK,阿裡影業,影視
1061.HK,億勝生物科技,生物醫藥
1062.HK,國開國際投資,UNKNOWN
1063.HK,新確科技,通信設備
1064.HK,中華國際,地產投資
1065.HK,天津創業環保股份,水務
1066.HK,威高股份,醫療器械
1068.HK,雨潤食品,肉製品
1069.HK,中國農林低碳,林業及木材
1070.HK,TCL多媒體,消費電子
1071.HK,華電國際電力股份,電力
1072.HK,東方電氣,環保工程
1073.HK,浩藍儂科,化肥
1075.HK,首都資訊,資訊化服務
1076.HK,博華太平洋,博彩
1079.HK,松景科技,電腦設備
1080.HK,勝利管道,其他金屬礦物
1082.HK,香港教育國際,教育
1083.HK,港華燃氣,燃氣
1085.HK,亨鑫科技,通信設備
1086.HK,好孩子國際,傢俱家居
1087.HK,威訊控股,通信設備
1088.HK,中國神華,煤炭
1089.HK,樂遊科技控股,遊戲
1090.HK,大明國際,鋼鐵
1091.HK,中信大錳,其他金屬礦物
1093.HK,石藥集團,藥品
1094.HK,中國公共採購,電商及互聯網
1096.HK,中能國際控股,鞋類
1097.HK,有線寬頻,有線電視
1098.HK,路勁,房地產
1099.HK,國藥控股,醫藥商業
1100.HK,飛達控股,服飾配件
1101.HK,華榮能源,綜合
1102.HK,環能國際,新能源
1103.HK,大生農業金融,油氣開採
1104.HK,亞太資源,鋼鐵
1105.HK,星島,出版
1106.HK,中國海景,包裝印刷
1107.HK,當代置業,房地產
1108.HK,洛陽玻璃股份,電子元器件
1109.HK,華潤置地,房地產
1110.HK,金活醫藥集團,醫藥商業
1111.HK,創興銀行,銀行
1112.HK,H&H國際控股,乳製品
1113.HK,長實集團,房地產
1114.HK,Brilliance Chi,汽車製造
1115.HK,西藏水資源,瓶裝水
1116.HK,Mayer Holdings,鋼鐵
1117.HK,現代牧業,乳製品
1118.HK,高力集團,鋼鐵
1120.HK,雅視光學,眼鏡
1121.HK,寶峰時尚,鞋類
1122.HK,慶鈴汽車股份,汽車製造
1123.HK,中港照相,消費電子
1124.HK,沿海家園,房地產
1125.HK,麗豐控股,地產投資
1126.HK,德林國際,玩具
1127.HK,獅子山集團,包裝印刷
1128.HK,永利澳門,博彩
1129.HK,中國水業集團,水務
1130.HK,中國環境資源,綜合
1131.HK,鴻寶資源,煤炭
1132.HK,橙天嘉禾,影視
1133.HK,哈爾濱電氣,環保工程
1135.HK,Asia Satellite,衛星及無線通訊
1136.HK,台泥國際集團,水泥
1137.HK,香港電視,電商及互聯網
1138.HK,中遠海能,港口運輸
1139.HK,華多利集團,汽車經銷
1140.HK,東英金融投資,UNKNOWN
1141.HK,民銀資本,證券
1142.HK,西伯利亞礦業,煤炭
1143.HK,華夏健康產業,消費電子
1145.HK,勇利投資,港口運輸
1146.HK,中國服飾控股,男裝
1148.HK,新晨動力,汽車零部件
1149.HK,中國安芯,資訊化服務
1150.HK,米蘭站,服飾配件
1151.HK,依利安達,電子元器件
1152.HK,新融宇集團,其他金屬礦物
1155.HK,星辰通信,通信設備
1157.HK,中聯重科,重型機械
1159.HK,星光文化,博彩
1160.HK,大唐投資國際,UNKNOWN
1161.HK,奧思集團,美容保健
1163.HK,德金資源,貴金屬
1164.HK,中廣核礦業,其他金屬礦物
1165.HK,順風清潔能源,新能源
1166.HK,星凱控股,電子元器件
1168.HK,百仕達控股,地產投資
1169.HK,海爾電器,家電
1170.HK,信星集團,鞋類
1171.HK,兗州煤業股份,煤炭
1172.HK,勤達集團國際,包裝印刷
1173.HK,威高國際,化妝品
1174.HK,太平洋恩利,漁業
1175.HK,鮮馳達控股,包裝食品
1176.HK,珠光控股,房地產
1177.HK,中國生物製藥,中藥
1178.HK,匯銀控股集團,化妝品
1180.HK,匯彩控股,博彩
1181.HK,唐宮中國,餐飲
1182.HK,勝龍國際,博彩
1184.HK,S.A.S. Dragon,電子元器件
1185.HK,中國航太萬源,環保工程
1186.HK,中國鐵建,建築工程
1187.HK,漢唐國際控股,電子元器件
1188.HK,正道集團,汽車製造
1189.HK,珀麗酒店,酒店
1190.HK,航標控股,傢俱家居
1191.HK,中國中石控股,房地產
1192.HK,泰山石化,氣油設備與服務
1193.HK,華潤燃氣,燃氣
1194.HK,麥盛資本,貴金屬
1195.HK,京維集團,房地產
1196.HK,偉祿集團,汽車零部件
1197.HK,中國恒石,新能源
1198.HK,皇朝家俬,傢俱家居
1199.HK,中遠海運港口,港口運輸
1200.HK,美聯集團,房地產服務
1201.HK,天臣控股,包裝印刷
1202.HK,成都普天電纜股份,通信設備
1203.HK,廣南,鋼鐵
1205.HK,中信資源,其他金屬礦物
1206.HK,同方泰德,資訊化服務
1207.HK,上置集團,房地產
1208.HK,五礦資源,其他金屬礦物
1210.HK,克莉絲汀,烘焙食品
1211.HK,比亞迪股份,汽車製造
1212.HK,利福國際,百貨商城
1213.HK,萬保剛集團,電子元器件
1215.HK,開源控股,酒店
1216.HK,中原銀行,銀行
1217.HK,中國創新投資,UNKNOWN
1218.HK,永義國際,房地產
1219.HK,天喔國際,酒
1220.HK,志道國際,鋁
1221.HK,Sino Hotels,酒店
1222.HK,Wang On Group,房地產
1223.HK,新灃集團,服裝配套
1224.HK,中渝置地,房地產
1225.HK,隆成金融,綜合
1226.HK,中國投融資,UNKNOWN
1227.HK,國盛投資,UNKNOWN
1228.HK,奇峰國際,煤炭
1229.HK,南南資源,煤炭
1230.HK,雅士利國際,乳製品
1231.HK,新礦資源,其他金屬礦物
1232.HK,金輪天地控股,房地產
1233.HK,時代中國控股,房地產
1234.HK,中國利郎,男裝
1235.HK,專業旅運,旅遊服務
1236.HK,國農控股,軟體發展
1237.HK,中科生物,傢俱家居
1238.HK,寶龍地產,房地產
1239.HK,Teamway Intl Gp,包裝印刷
1240.HK,青建國際,房地產
1241.HK,雙樺控股,汽車零部件
1243.HK,宏安地產,房地產
1245.HK,Niraku,博彩
1246.HK,保集健康,建築工程
1247.HK,米格國際控股,童裝
1249.HK,通力電子,消費電子
1250.HK,北控清潔能源集團,新能源
1251.HK,華油能源,氣油設備與服務
1252.HK,中國天瑞水泥,UNKNOWN
1253.HK,中國綠地博大綠澤,園林工程
1255.HK,港大零售,鞋類
1257.HK,中國光大綠色環保,新能源
1258.HK,中國有色礦業,銅
1259.HK,中國兒童護理,化妝品
1260.HK,皓天財經集團,傳媒廣告
1262.HK,蠟筆小新食品,休閒食品
1263.HK,栢能集團,電腦設備
1265.HK,天津津燃公用,燃氣
1266.HK,西王特鋼,鋼鐵
1268.HK,美東汽車,汽車經銷
1269.HK,首控集團,汽車零部件
1270.HK,朗廷-SS,UNKNOWN
1271.HK,佳明集團控股,房屋建築
1272.HK,大唐環境,環保工程
1273.HK,香港信貸,信貸
1277.HK,力量能源,煤炭
1278.HK,中國新城鎮,房地產
1280.HK,匯銀智慧社區,家電
1281.HK,隆基泰和智慧能源,建築材料
1282.HK,中國金洋,電腦設備
1285.HK,嘉士利集團,休閒食品
1288.HK,農業銀行,銀行
1289.HK,盛力達科技,電子元器件
1290.HK,中國匯融,信貸
1292.HK,長安民生物流,物流
1293.HK,廣匯寶信,汽車經銷
1296.HK,國電科環,環保工程
1297.HK,中國擎天軟體,資訊化服務
1298.HK,天美,醫療器械
1299.HK,友邦保險,保險
1300.HK,俊知集團,通信設備
1301.HK,德基科技控股,重型機械
1302.HK,先健科技,醫療器械
1303.HK,匯力資源,其他金屬礦物
1305.HK,偉志控股,電子元器件
1308.HK,海豐國際,港口運輸
1310.HK,香港寬頻,通信服務
1312.HK,同方康泰,水泥
1313.HK,華潤水泥控股,水泥
1314.HK,翠華控股,餐飲
1315.HK,允升國際,建築裝飾
1316.HK,耐世特,汽車零部件
1317.HK,楓葉教育,教育
1318.HK,格菱控股,環保工程
1319.HK,靄華押業信貸,信貸
1321.HK,中國新城市,房地產
1322.HK,創達科技控股,電子元器件
1323.HK,Newtree Group,綜合
1326.HK,天馬影視,影視
1327.HK,時間由你,鐘錶
1328.HK,精英國際,其他服務
1329.HK,首創钜大,房地產
1330.HK,綠色動力環保,新能源
1332.HK,中國透雲,包裝印刷
1333.HK,中國忠旺,鋁
1335.HK,順泰控股,包裝印刷
1336.HK,新華保險,保險
1337.HK,雷蛇,UNKNOWN
1338.HK,霸王集團,化妝品
1339.HK,中國人民保險集團,保險
1340.HK,惠生國際,肉製品
1341.HK,昊天國際建投,重型機械
1345.HK,中國先鋒醫藥,醫藥商業
1347.HK,華虹半導體,半導體
1348.HK,滉達富控股,玩具
1349.HK,復旦張江,生物醫藥
1353.HK,諾奇,男裝
1355.HK,朸浚國際,酒店
1357.HK,美圖公司,電商及互聯網
1358.HK,普華和順,醫療器械
1359.HK,中國信達,資產管理
1360.HK,Megaexpo Hldg,傳媒廣告
1361.HK,361度,鞋類
1362.HK,新龍移動,通信設備
1363.HK,中滔環保,水務
1365.HK,潤東汽車,汽車經銷
1366.HK,江南集團,電子元器件
1367.HK,廣州基金國際控股,服裝配套
1368.HK,特步國際,體育服裝
1369.HK,五洲國際,房地產
1370.HK,奧威控股,鋼鐵
1371.HK,華彩控股,彩票
1372.HK,比速科技,汽車零部件
1373.HK,國際家居零售,傢俱家居
1375.HK,中州證券,證券
1378.HK,中國宏橋,鋁
1380.HK,中國金石,其他金屬礦物
1381.HK,粵豐環保,新能源
1382.HK,互太紡織,紡織品
1383.HK,太陽城集團,房地產
1385.HK,上海復旦,半導體
1386.HK,國投集團控股,鞋類
1387.HK,人和商業,地產投資
1388.HK,安莉芳控股,內衣
1389.HK,美捷匯控股,葡萄酒
1393.HK,恒鼎實業,煤炭
1395.HK,強泰環保,水務
1396.HK,毅德國際,房地產
1397.HK,碧瑤綠色集團,其他服務
1398.HK,工商銀行,銀行
1399.HK,飛毛腿,新能源
1400.HK,宏太控股,紡織品
1415.HK,高偉電子,電子元器件
1417.HK,浦江中國,UNKNOWN
1418.HK,盛諾集團,傢俱家居
1419.HK,盈健醫療,醫院
1420.HK,川控股,房屋建築
1421.HK,工蓋有限公司,建築工程
1428.HK,耀才證券金融,證券
1430.HK,蘇創燃氣,燃氣
1431.HK,原生態牧業,乳製品
1432.HK,中國聖牧,乳製品
1439.HK,移動互聯,包裝印刷
1443.HK,富臨集團控股,餐飲
1446.HK,鴻福堂,飲料
1447.HK,新福港,房屋建築
1448.HK,福壽園,其他服務
1450.HK,世紀睿科,資訊化服務
1452.HK,迪諾斯環保,環保工程
1456.HK,國聯證券,證券
1458.HK,周黑鴨,休閒食品
1459.HK,巨匠建設,房屋建築
1460.HK,揚科集團,資訊化服務
1461.HK,魯證期貨,證券
1462.HK,金誠控股,房屋建築
1466.HK,錢唐控股,珠寶首飾
1468.HK,英裘控股,紡織品
1469.HK,結好金融,證券
1470.HK,富一國際控股,鐘錶
1475.HK,日清食品,UNKNOWN
1476.HK,恒投證券,證券
1478.HK,丘鈦科技,消費電子
1480.HK,恩達集團控股,電子元器件
1483.HK,譽宴集團,餐飲
1486.HK,思城控股,房屋建築
1488.HK,百福控股,服飾配件
1492.HK,中地乳業,乳製品
1495.HK,集一家居,建築材料
1496.HK,亞積邦租賃,建築工程
1498.HK,培力控股,中藥
1499.HK,前進控股集團,房屋建築
1500.HK,現恒建築,房屋建築
1508.HK,中國再保險,保險
1509.HK,和美醫療,醫院
1513.HK,麗珠醫藥,藥品
1515.HK,華潤鳳凰醫療,醫院
1518.HK,新世紀醫療,醫院
1520.HK,華信金融投資,服裝
1522.HK,京投交通科技,資訊化服務
1523.HK,珩灣科技,電腦設備
1526.HK,瑞慈醫療,醫院
1527.HK,天潔環境,環保工程
1528.HK,紅星美凱龍,地產投資
1530.HK,三生製藥,生物醫藥
1532.HK,中國派對文化,內衣
1533.HK,莊園牧場,乳製品
1536.HK,煜榮集團,電子元器件
1538.HK,中奧到家,物業管理
1539.HK,匯能集團,傢俱家居
1543.HK,中盈盛達融資擔保,信貸
1546.HK,德萊建業,UNKNOWN
1547.HK,IBI GROUP HLDGS,建築裝飾
1548.HK,金斯瑞生物科技,生物醫藥
1549.HK,永豐集團控股,港口運輸
1551.HK,廣州農商銀行,銀行
1552.HK,BHCC Holding,房屋建築
1555.HK,MI能源,油氣開採
1556.HK,建業建榮,房屋建築
1557.HK,劍虹集團控股,建築工程
1558.HK,東陽光藥,藥品
1559.HK,均安控股,建築工程
1560.HK,星星地產,房地產
1561.HK,萬輝化工,化工用品
1565.HK,成實外教育,教育
1566.HK,華夏動漫,動漫
1568.HK,承達集團,建築裝飾
1569.HK,民生教育,教育
1570.HK,偉業控股,房地產
1571.HK,信邦控股,汽車零部件
1572.HK,中國藝術金融,信貸
1573.HK,中國優質能源,煤炭
1575.HK,慕容控股,傢俱家居
1577.HK,匯鑫小貸,信貸
1578.HK,天津銀行,銀行
1579.HK,頤海國際,食品添加劑
1580.HK,大森控股,林業及木材
1581.HK,進升集團控股,房屋建築
1583.HK,親親食品,休閒食品
1585.HK,雅迪控股,汽車製造
1586.HK,中國力鴻,其他服務
1588.HK,暢捷通,軟體發展
1589.HK,中國物流資產,地產投資
1591.HK,汛和集團,房屋建築
1596.HK,翼辰實業,軌道交通裝備
1599.HK,城建設計,建築工程
1600.HK,天倫燃氣,燃氣
1606.HK,國銀租賃,融資租賃
1608.HK,偉能集團,電力
1609.HK,創建集團控股,房屋建築
1610.HK,中糧肉食,肉製品
1611.HK,桐成控股,電子元器件
1612.HK,永勝醫療,醫療器械
1613.HK,協同通信,通信設備
1616.HK,星宏傳媒,紡織品
1617.HK,南方通信,通信設備
1618.HK,中國中冶,建築工程
1619.HK,天合化工,化工用品
1622.HK,力高集團,房地產
1623.HK,海隆控股,氣油設備與服務
1626.HK,旅業國際,包裝印刷
1627.HK,安保工程式控制股,建築裝飾
1628.HK,禹洲地產,房地產
1629.HK,盟科控股,包裝印刷
1630.HK,建成控股,房屋建築
1631.HK,REF Holdings,包裝印刷
1632.HK,膳源控股,餐飲
1633.HK,上諭集團,房屋建築
1635.HK,大眾公用,燃氣
1636.HK,中國金屬利用,銅
1637.HK,順興集團控股,房屋建築
1638.HK,佳兆業集團,房地產
1639.HK,安捷利實業,電子元器件
1647.HK,SHIS Ltd,房屋建築
1649.HK,內蒙古能建,建築工程
1651.HK,津上機床中國,電子元器件
1655.HK,Okura Holdings,博彩
1656.HK,億仕登控股,電子元器件
1658.HK,郵儲銀行,銀行
1659.HK,海天能源,UNKNOWN
1660.HK,善樂國際,重型機械
1661.HK,智美體育,體育賽事
1662.HK,義合控股,建築工程
1663.HK,漢港控股,房地產
1665.HK,檳傑科達,UNKNOWN
1666.HK,同仁堂科技,中藥
1667.HK,進階發展,建築裝飾
1668.HK,華南城,地產投資
1669.HK,環球信貸集團,信貸
1673.HK,華章科技,電子元器件
1676.HK,中國升海食品,海產品
1678.HK,中創環球,傢俱家居
1679.HK,瑞斯康集團,電子元器件
1680.HK,澳門勵駿,博彩
1681.HK,康臣藥業,藥品
1682.HK,華隆金控,服裝
1683.HK,皇中國際,建築裝飾
1685.HK,博耳電力,環保工程
1686.HK,新意網集團,UNKNOWN
1689.HK,華禧控股,包裝印刷
1693.HK,璋利國際,房屋建築
1695.HK,椰豐集團,食品添加劑
1696.HK,Sisram Med,醫療器械
1697.HK,山東國信,UNKNOWN
1698.HK,博士蛙國際,童裝
1699.HK,普甜食品,肉製品
1700.HK,華地國際控股,百貨商城
1702.HK,東光化工,化工用品
1706.HK,雙運控股,UNKNOWN
1707.HK,致浩達控股,UNKNOWN
1708.HK,三寶科技,資訊化服務
1709.HK,雲裳衣,服裝配套
1710.HK,致豐工業電子,UNKNOWN
1711.HK,歐化,UNKNOWN
1717.HK,澳優,乳製品
1718.HK,宏基集團控股,建築工程
1719.HK,中國基建港口,UNKNOWN
1720.HK,普天通信集團,UNKNOWN
1722.HK,建鵬控股,UNKNOWN
1727.HK,河北建設,UNKNOWN
1728.HK,正通汽車,汽車經銷
1730.HK,Lhn,UNKNOWN
1733.HK,易大宗,煤炭
1738.HK,飛尚無煙煤,煤炭
1766.HK,中國中車,軌道交通裝備
1771.HK,新豐泰集團,汽車經銷
1776.HK,廣發證券,證券
1777.HK,花樣年控股,房地產
1778.HK,彩生活,物業管理
1786.HK,鐵建裝備,重型機械
1788.HK,國泰君安國際,證券
1789.HK,愛康醫療,UNKNOWN
1798.HK,大唐新能源,新能源
1799.HK,新特能源,新能源
1800.HK,中國交通建設,建築工程
1803.HK,北京體育文化,體育服務
1808.HK,企展控股,資訊化服務
1811.HK,中廣核新能源,新能源
1812.HK,晨鳴紙業,紙製品
1813.HK,合景泰富,房地產
1816.HK,中廣核電力,電力
1818.HK,招金礦業,貴金屬
1819.HK,富貴鳥,鞋類
1822.HK,弘達金融控股,消費電子
1823.HK,華昱高速,公路運輸
1826.HK,達飛控股,房屋建築
1828.HK,大昌行集團,汽車經銷
1829.HK,中國機械工程,建築工程
1830.HK,必瘦站,美容保健
1831.HK,十方控股,出版
1833.HK,銀泰商業,UNKNOWN
1836.HK,九興控股,鞋類
1838.HK,Chinaproperties,房地產
1848.HK,中國飛機租賃,融資租賃
1856.HK,依波路,鐘錶
1858.HK,春立醫療,醫療器械
1862.HK,景瑞控股,房地產
1863.HK,中國龍天集團,化工用品
1866.HK,中國心連心化肥,化肥
1868.HK,同方友友,傢俱家居
1878.HK,南戈壁-S,UNKNOWN
1880.HK,百麗國際,UNKNOWN
1882.HK,海天國際,電子元器件
1883.HK,中信國際電訊,通信服務
1884.HK,eprint集團,包裝印刷
1885.HK,中國優材,林業及木材
1886.HK,匯源果汁,果汁飲料
1888.HK,建滔積層板,電子元器件
1889.HK,三愛健康集團,藥品
1893.HK,中材股份,重型機械
1898.HK,中煤能源,煤炭
1899.HK,興達國際,汽車零部件
1900.HK,中國智慧交通,資訊化服務
1908.HK,建發國際集團,房地產
1910.HK,新秀麗,服飾配件
1913.HK,普拉達,眼鏡
1918.HK,融創中國,房地產
1919.HK,中遠海控,港口運輸
1928.HK,金沙中國有限公司,博彩
1929.HK,周大福,珠寶首飾
1932.HK,中漆集團,化工用品
1938.HK,珠江鋼管,氣油設備與服務
1958.HK,北京汽車,汽車製造
1962.HK,訓修實業,服飾配件
1963.HK,重慶銀行,銀行
1966.HK,中駿置業,房地產
1970.HK,IMAX China,影視
1972.HK,太古地產,地產投資
1975.HK,新興印刷,UNKNOWN
1979.HK,天寶集團,通信設備
1980.HK,天鴿互動,軟體發展
1982.HK,南旋控股,服裝
1985.HK,美高域,資訊化服務
1986.HK,彩客化學,化工用品
1988.HK,民生銀行,銀行
1989.HK,松齡護老集團,其他服務
1991.HK,大洋集團,電子元器件
1993.HK,雅仕維,傳媒廣告
1997.HK,九龍倉置業,UNKNOWN
1998.HK,飛克國際,鞋類
1999.HK,敏華控股,傢俱家居
2000.HK,晨訊科技,通信設備
2001.HK,新高教集團,教育
2002.HK,陽光紙業,紙製品
2005.HK,石四藥集團,藥品
2006.HK,錦江酒店,酒店
2007.HK,碧桂園,房地產
2008.HK,鳳凰衛視,有線電視
2009.HK,金隅集團,水泥
2010.HK,瑞年國際,保健品
2011.HK,KEE,服飾配件
2012.HK,陽光油砂,油氣開採
2014.HK,浩澤淨水,家電
2016.HK,浙商銀行,銀行
2017.HK,滄海控股,園林工程
2018.HK,瑞聲科技,電腦設備
2020.HK,安踏體育,鞋類
2022.HK,遊萊互動,UNKNOWN
2023.HK,中國綠島科技,傢俱家居
2025.HK,瑞豐動力,UNKNOWN
2028.HK,映美控股,電腦設備
2030.HK,卡賓,男裝
2031.HK,澳至尊,保健品
2033.HK,時計寶,鐘錶
2038.HK,富智康集團,通信設備
2039.HK,中集集團,港口運輸
2066.HK,盛京銀行,銀行
2068.HK,中鋁國際,建築工程
2078.HK,榮陽實業,鋁
2080.HK,奧克斯國際,餐飲
2083.HK,大自然家居,傢俱家居
2086.HK,海航科技投資,電腦設備
2088.HK,西王置業,房地產
2098.HK,卓爾集團,房地產
2099.HK,中國黃金國際,貴金屬
2100.HK,百奧家庭互動,軟體發展
2111.HK,超盈國際控股,紡織品
2112.HK,優庫資源,鋼鐵
2113.HK,東盈控股,房屋建築
2118.HK,天山發展控股,房地產
2120.HK,康寧醫院,醫院
2121.HK,一化控股,化工用品
2122.HK,凱知樂國際,UNKNOWN
2123.HK,金盾控股,紡織品
2128.HK,中國聯塑,管材
2133.HK,中國多金屬,其他金屬礦物
2136.HK,利福中國,百貨商城
2138.HK,香港醫思醫療集團,美容保健
2139.HK,甘肅銀行,UNKNOWN
2166.HK,芯智控股,電子元器件
2168.HK,盈德氣體,UNKNOWN
2178.HK,百勤油服,氣油設備與服務
2183.HK,三盛控股,地產投資
2186.HK,綠葉製藥,藥品
2188.HK,泰坦能源技術,環保工程
2193.HK,萬景控股,建築工程
2196.HK,複星醫藥,藥品
2198.HK,中國三江化工,化工用品
2199.HK,維珍妮,內衣
2200.HK,浩沙國際,體育服裝
2202.HK,萬科企業,房地產
2203.HK,泰邦集團,半導體
2208.HK,金風科技,環保工程
2211.HK,大健康國際,醫藥商業
2212.HK,高鵬礦業,其他金屬礦物
2213.HK,益華控股,百貨商城
2218.HK,安德利果汁,果汁飲料
2221.HK,創業集團控股,建築工程
2222.HK,雷士照明,傢俱家居
2223.HK,卡撒天嬌,傢俱家居
2225.HK,Kakiko Group,UNKNOWN
2226.HK,老恒和釀造,食品添加劑
2227.HK,守益控股,UNKNOWN
2228.HK,中國節能海東青,紡織品
2229.HK,長港敦信,紙製品
2232.HK,晶苑國際,UNKNOWN
2233.HK,西部水泥,水泥
2236.HK,惠生工程,氣油設備與服務
2238.HK,廣汽集團,汽車製造
2239.HK,國微技術,通信設備
2255.HK,海昌海洋公園,旅遊服務
2266.HK,黎氏企業,建築裝飾
2268.HK,優源控股,紙製品
2269.HK,藥明生物,生物醫藥
2277.HK,華融投資股份,房屋建築
2278.HK,海藍控股,房地產
2280.HK,慧聰集團,電商及互聯網
2281.HK,興瀘水務,水務
2282.HK,美高梅中國,博彩
2283.HK,東江集團控股,電子元器件
2286.HK,辰興發展,房地產
2288.HK,宏基資本,房地產
2289.HK,創美藥業,醫藥商業
2292.HK,晉安實業,UNKNOWN
2293.HK,百本醫護,其他
2298.HK,都市麗人,內衣
2299.HK,百宏實業,紡織品
2300.HK,澳科控股,包裝印刷
2302.HK,中核國際,其他金屬礦物
2303.HK,恒興黃金,貴金屬
2307.HK,錦興國際控股,紡織品
2308.HK,研祥智能,電腦設備
2309.HK,伯明罕體育,體育
2310.HK,申基國際,電子元器件
2312.HK,中國金融租賃,UNKNOWN
2313.HK,申洲國際,體育服裝
2314.HK,理文造紙,紙製品
2317.HK,味丹國際,食品添加劑
2318.HK,中國平安,保險
2319.HK,蒙牛乳業,乳製品
2320.HK,合豐集團,紙製品
2322.HK,仁瑞投資,化工用品
2323.HK,中國港橋,電子元器件
2324.HK,首都創投,UNKNOWN
2326.HK,新源萬恒控股,其他金屬礦物
2327.HK,美瑞健康國際,保健品
2328.HK,中國財險,保險
2329.HK,國瑞置業,房地產
2330.HK,中國上城,房地產
2331.HK,李寧,體育服裝
2333.HK,長城汽車,汽車製造
2336.HK,海亮國際,半導體
2337.HK,眾誠能源,UNKNOWN
2338.HK,濰柴動力,汽車零部件
2339.HK,京西國際,汽車零部件
2340.HK,升捷控股,建築裝飾
2341.HK,中怡國際,化工用品
2342.HK,京信通信,通信設備
2343.HK,太平洋航運,港口運輸
2345.HK,上海集優,電子元器件
2348.HK,東瑞製藥,藥品
2349.HK,中國城市基礎設施,房地產
2355.HK,寶業集團,房屋建築
2356.HK,大新銀行集團,銀行
2357.HK,中航科工,航空航太
2358.HK,久融控股,消費電子
2362.HK,金川國際,其他金屬礦物
2366.HK,星美文化旅遊,影視
2368.HK,鷹美,體育服裝
2369.HK,酷派集團,通信設備
2371.HK,創聯教育金融,教育
2378.HK,保誠,保險
2379.HK,中天國際,地產投資
2380.HK,中國電力,電力
2382.HK,舜宇光學科技,電子元器件
2383.HK,TOM集團,出版
2386.HK,中石化煉化工程,氣油設備與服務
2388.HK,中銀香港,銀行
2389.HK,北控醫療健康,健康管理
2393.HK,巨星醫療控股,醫療器械
2398.HK,友佳國際,電子元器件
2399.HK,虎都,男裝
2448.HK,恒宇集團,UNKNOWN
2468.HK,創益太陽能,新能源
2488.HK,元征科技,汽車零部件
2588.HK,中銀航空租賃,融資租賃
2600.HK,中國鋁業,鋁
2601.HK,中國太保,保險
2607.HK,上海醫藥,醫藥商業
2608.HK,陽光100中國,房地產
2611.HK,國泰君安,證券
2623.HK,愛德新能源,鋼鐵
2628.HK,中國人壽,保險
2633.HK,雅各臣科研製藥,藥品
2638.HK,港燈-SS,UNKNOWN
2662.HK,承興國際控股,電子元器件
2663.HK,應力控股,UNKNOWN
2666.HK,環球醫療,信貸
2668.HK,百德國際,服裝
2669.HK,中海物業,物業管理
2678.HK,天虹紡織,紡織品
2683.HK,華新手袋國際控股,UNKNOWN
2686.HK,亞美能源,油氣開採
2688.HK,新奧能源,燃氣
2689.HK,玖龍紙業,紙製品
2698.HK,魏橋紡織,紡織品
2699.HK,新明中國,房地產
2700.HK,格林國際控股,美容保健
2708.HK,艾伯科技,UNKNOWN
2722.HK,重慶機電,電子元器件
2727.HK,上海電氣,環保工程
2728.HK,裕華能源,油氣開採
2738.HK,華津國際控股,鋼鐵
2768.HK,佳源國際控股,房地產
2777.HK,富力地產,房地產
2788.HK,精熙國際,電子元器件
2789.HK,遠大中國,幕牆
2799.HK,中國華融,資產管理
2858.HK,易鑫集團,UNKNOWN
2863.HK,高豐集團控股,房屋建築
2866.HK,中遠海發,港口運輸
2868.HK,首創置業,房地產
2869.HK,綠城服務,物業管理
2877.HK,神威藥業,中藥
2878.HK,Solomon Systech,半導體
2880.HK,大連港,港口運輸
2882.HK,香港資源控股,珠寶首飾
2883.HK,中海油田服務,氣油設備與服務
2886.HK,濱海投資,燃氣
2888.HK,渣打集團,銀行
2889.HK,鎳資源國際,鋼鐵
2898.HK,龍潤茶,茶
2899.HK,紫金礦業,貴金屬
3300.HK,中國玻璃,電子元器件
3301.HK,融信中國,房地產
3303.HK,巨濤海洋石油服務,氣油設備與服務
3306.HK,江南布衣,女裝
3308.HK,金鷹商貿集團,百貨商城
3309.HK,希瑪眼科,UNKNOWN
3311.HK,中國建築國際,建築工程
3313.HK,雅高控股,其他金屬礦物
3315.HK,金邦達寶嘉,電腦設備
3318.HK,中國香精香料,食品添加劑
3319.HK,雅生活服務,UNKNOWN
3320.HK,華潤醫藥,醫藥商業
3322.HK,永嘉集團,體育服裝
3323.HK,中國建材,水泥
3326.HK,保發集團,珠寶首飾
3328.HK,交通銀行,銀行
3329.HK,交銀國際,證券
3330.HK,靈寶黃金,貴金屬
3331.HK,維達國際,化妝品
3332.HK,中生聯合,化妝品
3333.HK,中國恒大,房地產
3335.HK,DBA電訊,電商及互聯網
3336.HK,巨騰國際,電腦設備
3337.HK,安東油田服務,氣油設備與服務
3339.HK,中國龍工,重型機械
3344.HK,共用集團,紡織品
3355.HK,先進半導體,半導體
3358.HK,榮威國際,UNKNOWN
3360.HK,遠東宏信,融資租賃
3363.HK,正業國際,紙製品
3366.HK,華僑城,房地產
3368.HK,百盛集團,百貨商城
3369.HK,秦港股份,港口運輸
3377.HK,遠洋集團,房地產
3378.HK,廈門港務,港口運輸
3380.HK,龍光地產,房地產
3382.HK,天津港發展,港口運輸
3383.HK,雅居樂集團,房地產
3389.HK,亨得利,鐘錶
3393.HK,威勝集團,電子元器件
3395.HK,PERSTA,油氣開採
3396.HK,聯想控股,綜合
3398.HK,華鼎控股,服裝
3399.HK,粵運交通,物流
3600.HK,現代牙科,醫療器械
3606.HK,福耀玻璃,汽車零部件
3608.HK,永盛新材料,紡織品
3618.HK,重慶農村商業銀行,銀行
3623.HK,中國金融發展,融資租賃
3626.HK,Hssp Intl,包裝印刷
3628.HK,仁恒實業控股,電子元器件
3633.HK,中裕燃氣,燃氣
3636.HK,保利文化,其他服務
3638.HK,華邦金融,電腦設備
3639.HK,億達中國,房地產
3663.HK,協眾國際控股,汽車零部件
3666.HK,國際天食,餐飲
3669.HK,永達汽車,汽車經銷
3678.HK,弘業期貨,證券
3683.HK,榮豐聯合控股,港口運輸
3686.HK,祈福生活服務,綜合
3688.HK,萊蒙國際,房地產
3689.HK,康華醫療,醫院
3698.HK,徽商銀行,銀行
3699.HK,光大永年,UNKNOWN
3708.HK,日成控股,建築裝飾
3709.HK,珂萊蒂爾,女裝
3728.HK,正利控股,房屋建築
3737.HK,中智藥業,醫藥商業
3738.HK,阜博集團,UNKNOWN
3768.HK,滇池水務,水務
3773.HK,年年卡,電商及互聯網
3777.HK,中國光纖,通信設備
3778.HK,中國織材控股,紡織品
3788.HK,中國罕王,貴金屬
3789.HK,禦佳控股,房屋建築
3799.HK,達利食品,休閒食品
3800.HK,保利協鑫能源,新能源
3808.HK,中國重汽,汽車製造
3813.HK,寶勝國際,鞋類
3816.HK,KFM金德,電子元器件
3818.HK,中國動向,體育服裝
3822.HK,三和建築集團,建築工程
3823.HK,德普科技,電子元器件
3828.HK,明輝國際,化妝品
3830.HK,童園國際,玩具
3833.HK,新疆新鑫礦業,其他金屬礦物
3836.HK,和諧汽車,汽車經銷
3838.HK,中國澱粉,玉米加工
3839.HK,正大企業國際,生物醫藥
3848.HK,富道集團,融資租賃
3866.HK,青島銀行,銀行
3868.HK,群星紙業,紙製品
3869.HK,弘和仁愛醫療,醫院
3878.HK,Vicon Holdings,UNKNOWN
3882.HK,天彩控股,消費電子
3883.HK,中國奧園,房地產
3886.HK,康健國際醫療,醫院
3888.HK,金山軟體,軟體發展
3889.HK,大成糖業,玉米加工
3893.HK,易緯集團,其他服務
3898.HK,中車時代電氣,汽車零部件
3899.HK,中集安瑞科,氣油設備與服務
3900.HK,綠城中國,房地產
3903.HK,瀚華金控,信貸
3908.HK,中金公司,證券
3918.HK,金界控股,博彩
3919.HK,金力集團,UNKNOWN
3933.HK,聯邦製藥,藥品
3939.HK,萬國國際礦業,銅
3948.HK,伊泰煤炭,煤炭
3958.HK,東方證券,證券
3963.HK,融眾金融,融資租賃
3966.HK,中國寶豐國際,傢俱家居
3968.HK,招商銀行,銀行
3969.HK,中國通號,資訊化服務
3983.HK,中海石油化學,化肥
3988.HK,中國銀行,銀行
3989.HK,首創環境,新能源
3993.HK,洛陽鉬業,其他金屬礦物
3996.HK,中國能源建設,環保工程
3998.HK,波司登,羽絨服
3999.HK,大成食品,雞肉
6030.HK,中信證券,證券
6033.HK,電訊數碼控股,通信服務
6038.HK,信越控股,幕牆
6060.HK,眾安線上,UNKNOWN
6066.HK,中信建投證券,證券
6068.HK,睿見教育,教育
6080.HK,榮智控股,UNKNOWN
6083.HK,環宇物流,UNKNOWN
6088.HK,FIT HON TENG,通信設備
6090.HK,勝捷企業,UNKNOWN
6099.HK,招商證券,證券
6108.HK,新銳醫藥,藥品
6113.HK,UTS Marketing,傳媒廣告
6116.HK,拉夏貝爾,女裝
6118.HK,奧星生命科技,電子元器件
6122.HK,九台農商銀行,銀行
6123.HK,先達國際物流,航空運輸
6128.HK,泛亞國際,園林工程
6133.HK,維太移動,通信設備
6136.HK,康達環保,水務
6138.HK,哈爾濱銀行,銀行
6139.HK,金茂酒店-SS,UNKNOWN
6158.HK,正榮地產,UNKNOWN
6161.HK,泰加保險,保險
6163.HK,彭順國際,汽車零部件
6166.HK,中國宏泰發展,房地產
6168.HK,中國優通,通信設備
6169.HK,宇華教育,教育
6178.HK,光大證券,證券
6182.HK,乙德投資控股,UNKNOWN
6183.HK,中國綠寶,食用菌
6188.HK,迪信通,通信設備
6189.HK,愛得威建設集團,建築裝飾
6196.HK,鄭州銀行,銀行
6198.HK,青島港,港口運輸
6288.HK,Fast Retail-DRS,UNKNOWN
6388.HK,,UNKNOWN
6808.HK,高鑫零售,超市及便利店
6816.HK,瑞港建設,建築工程
6818.HK,中國光大銀行,銀行
6822.HK,科勁國際,傢俱家居
6823.HK,香港電訊-SS,UNKNOWN
6826.HK,昊海生物科技,生物醫藥
6828.HK,北京燃氣藍天,油氣開採
6829.HK,龍升集團控股,UNKNOWN
6830.HK,華眾車載,汽車零部件
6833.HK,興科蓉醫藥,生物醫藥
6836.HK,天韻國際控股,包裝食品
6837.HK,海通證券,證券
6838.HK,盈利時,鐘錶
6839.HK,雲南水務,水務
6858.HK,本間高爾夫,體育用品
6863.HK,輝山乳業,乳製品
6865.HK,福萊特玻璃,新能源
6866.HK,佐力小貸,信貸
6868.HK,天福,茶
6869.HK,長飛光纖光纜,通信設備
6877.HK,昆侖國際金融,UNKNOWN
6878.HK,鼎豐集團控股,信貸
6880.HK,騰邦控股,其他
6881.HK,中國銀河,證券
6882.HK,東瀛遊,旅遊服務
6885.HK,金馬能源,UNKNOWN
6886.HK,HTSC,證券
6888.HK,英達公路再生科技,建築工程
6889.HK,DYNAM JAPAN,博彩
6893.HK,衍生集團,保健品
6896.HK,金嗓子,中藥
6898.HK,中國鋁罐,包裝印刷
6899.HK,聯眾,軟體發展
8001.HK,東方匯財證券,證券
8003.HK,世大控股,UNKNOWN
8005.HK,裕興科技,消費電子
8006.HK,華泰瑞銀,出版
8007.HK,環球戰略集團,銅
8008.HK,新意網集團,資訊化服務
8009.HK,華夏能源控股,油氣開採
8011.HK,百田石油,油氣開採
8013.HK,ECI TECH,資訊化服務
8016.HK,長虹佳華,電腦設備
8018.HK,匯財金融投資,軟體發展
8019.HK,皓文控股,信貸
8020.HK,宏海控股集團,港口運輸
8021.HK,匯隆控股,建築裝飾
8022.HK,永耀集團控股,其他金屬礦物
8023.HK,鄺文記,房屋建築
8025.HK,亞洲資產,資產管理
8026.HK,長達健康,珠寶首飾
8027.HK,吉輝控股,其他服務
8028.HK,天時軟體,貴金屬
8029.HK,太陽國際,馬業
8030.HK,匯聯金融服務,融資租賃
8031.HK,易通訊集團,其他服務
8032.HK,非凡中國,體育
8033.HK,愛達利網路,資訊化服務
8035.HK,駿高控股,航空運輸
8037.HK,中國生物科技服務,藥品
8039.HK,中國卓銀,房屋建築
8041.HK,薈萃國際,泳裝
8043.HK,Atlinks,UNKNOWN
8045.HK,南大蘇富特,資訊化服務
8046.HK,恒芯中國,有線電視
8047.HK,中國海洋捕撈,供應鏈管理
8048.HK,禦德國際控股,資訊化服務
8049.HK,吉林長龍藥業,中藥
8050.HK,量子思維,電腦設備
8051.HK,訊智海,電腦設備
8052.HK,陸慶娛樂,其他
8053.HK,比優集團,供應鏈管理
8055.HK,中國網路資訊科技,教育
8056.HK,飲食概念,餐飲
8057.HK,麥迪森控股,酒
8059.HK,朝威控股,建築工程
8060.HK,國聯通信,資訊化服務
8062.HK,俊盟國際,資訊化服務
8063.HK,環球大通集團,旅遊服務
8065.HK,高萌科技,UNKNOWN
8066.HK,品創控股,油氣開採
8067.HK,東方大學城控股,其他服務
8069.HK,縱橫遊控股,旅遊服務
8070.HK,僑洋國際控股,電子元器件
8071.HK,中彩網通控股,彩票
8072.HK,羅馬集團,其他金融
8073.HK,興業新材料,電子元器件
8075.HK,寰亞傳媒,影視
8076.HK,新利軟體,電商及互聯網
8077.HK,昆侖國際金融,證券
8078.HK,HMV數碼中國,影視
8079.HK,易還財務投資,信貸
8080.HK,北亞策略,電子元器件
8081.HK,互娛中國,綜合
8082.HK,仁智國際集團,其他服務
8083.HK,中國創新支付,電商及互聯網
8085.HK,香港生命科學,消費電子
8086.HK,新維國際控股,電商及互聯網
8087.HK,中國三三傳媒,出版
8088.HK,海匯國際科技,資產管理
8089.HK,華人策略控股,地產投資
8090.HK,中國融保金融集團,電商及互聯網
8091.HK,奧傳思維控股,傳媒廣告
8092.HK,ITE Holdings,資訊化服務
8093.HK,萬星控股,皮革服裝
8095.HK,北大青鳥環宇,資訊化服務
8098.HK,昌利控股,證券
8100.HK,智易控股,軟體發展
8101.HK,壹家壹品,傢俱家居
8102.HK,利寶閣集團,餐飲
8103.HK,萬泰企業股份,資訊化服務
8106.HK,昇華蘭德,軟體發展
8108.HK,福澤集團,其他服務
8109.HK,麒麟集團控股,資訊化服務
8111.HK,中科光電,新能源
8112.HK,基石金融,傳媒廣告
8113.HK,揚宇科技,電子元器件
8115.HK,上海青浦消防,電子元器件
8116.HK,中國幸福投資,葡萄酒
8117.HK,中國基礎能源,燃氣
8118.HK,濠亮環球,UNKNOWN
8119.HK,即時科研,地產投資
8120.HK,國農金融投資,綜合
8121.HK,超凡網路,傳媒廣告
8123.HK,華億金控,證券
8125.HK,仁德資源,建築裝飾
8126.HK,G.A.控股,汽車經銷
8128.HK,中國地能,環保工程
8129.HK,雲信投資控股,軟體發展
8130.HK,智城控股,傳媒廣告
8131.HK,辰罡科技,軟體發展
8132.HK,中油港燃,通信設備
8133.HK,鑄能控股,電子元器件
8135.HK,正美豐業,汽車零部件
8136.HK,英馬斯集團,UNKNOWN
8137.HK,洪橋集團,新能源
8138.HK,同仁堂國藥,醫藥商業
8139.HK,長安仁恒,化工用品
8142.HK,德利機械,重型機械
8143.HK,華夏醫療,醫院
8145.HK,,通信設備
8147.HK,匯思太平洋,衛星及無線通訊
8148.HK,奧栢中國,軟體發展
8149.HK,浩德控股,其他金融
8150.HK,無縫綠色,傢俱家居
8152.HK,明梁控股,重型機械
8153.HK,科地農業,有線電視
8155.HK,南華資產控股,房地產
8156.HK,眾彩股份,彩票
8157.HK,象興國際,港口運輸
8158.HK,中國再生醫學,生物醫藥
8159.HK,輝煌科技,電腦設備
8160.HK,Goldway Edu,教育
8161.HK,醫彙集團,其他
8162.HK,港銀控股,貴金屬
8163.HK,萬德金融,信貸
8165.HK,華普智通,軟體發展
8166.HK,中國農業生態,供應鏈管理
8167.HK,中國新電信,通信設備
8169.HK,環康集團,環保工程
8170.HK,KSL Holdings,建築工程
8171.HK,中國趨勢,電腦設備
8172.HK,拉近網娛,影視
8173.HK,萬亞企業控股,飲料
8175.HK,中國數碼文化,其他
8176.HK,超人智能,美容保健
8178.HK,中國資訊科技,軟體發展
8179.HK,新煮意控股,餐飲
8181.HK,港深聯合,物業管理
8182.HK,中國糖果,休閒食品
8183.HK,尚捷集團控股,女裝
8186.HK,同仁資源,林業及木材
8187.HK,積木集團,鞋類
8188.HK,駿傑集團控股,房屋建築
8189.HK,泰達生物,化肥
8190.HK,康佰控股,傢俱家居
8191.HK,鴻偉亞洲,林業及木材
8192.HK,環球能源資源,電腦設備
8193.HK,漢華專業服務,其他金融
8195.HK,L&A Intl Hold,服裝
8196.HK,建禹集團,水務
8197.HK,北斗嘉藥業,中藥
8198.HK,樂透互娛,彩票
8199.HK,中國萬桐園,其他服務
8200.HK,修身堂,美容保健
8201.HK,寶聯控股,其他服務
8202.HK,匯創控股,傳媒廣告
8203.HK,凱順能源,供應鏈管理
8205.HK,交大慧穀,電腦設備
8206.HK,神通機器人教育,電商及互聯網
8207.HK,中新控股,信貸
8211.HK,浙江永安,紡織品
8212.HK,譽滿國際控股,證券
8213.HK,新智控股,餐飲
8215.HK,First Credit,信貸
8217.HK,聯旺集團,建築工程
8218.HK,毅高國際控股,電子元器件
8220.HK,比高集團,影視
8221.HK,PF Group,其他金融
8222.HK,壹照明,傢俱家居
8225.HK,中國醫療集團,藥品
8226.HK,樹熊金融集團,農產品
8227.HK,西安海天天,通信設備
8228.HK,國藝娛樂,影視
8229.HK,Future Data,資訊化服務
8230.HK,中國宇天,通信設備
8231.HK,節能元件,半導體
8232.HK,Classified Gp,餐飲
8233.HK,中國基建港口,港口運輸
8235.HK,賽迪顧問,資訊化服務
8236.HK,寶德科技集團,資訊化服務
8237.HK,華星控股,酒店
8238.HK,惠陶集團,傳媒廣告
8239.HK,首都金融控股,信貸
8240.HK,展程式控制股,蔬菜
8242.HK,宏創高科,半導體
8243.HK,大賀傳媒,傳媒廣告
8245.HK,安悅國際控股,通信設備
8246.HK,北方新能源,新能源
8247.HK,中生北控生物科技,生物醫藥
8249.HK,瑞遠智控,資訊化服務
8250.HK,絲路能源,煤炭
8251.HK,優越集團控股,包裝印刷
8252.HK,泰和小貸,信貸
8255.HK,神州數字,電商及互聯網
8256.HK,金利通,通信服務
8257.HK,靖洋集團,半導體
8258.HK,西北實業,新能源
8260.HK,銀合控股,其他服務
8261.HK,海天能源,新能源
8262.HK,宏強控股,房屋建築
8265.HK,中國之信集團,供應鏈管理
8266.HK,卓信國際控股,通信設備
8267.HK,藍港互動,軟體發展
8268.HK,迪臣建設,建築裝飾
8269.HK,富譽控股,米麵
8270.HK,中國煤層氣,油氣開採
8271.HK,環球數碼創意,影視配套
8272.HK,華人飲食集團,餐飲
8273.HK,浙江展望,汽車零部件
8275.HK,永勤集團控股,UNKNOWN
8277.HK,駿東控股,林業及木材
8278.HK,CMON,其他
8279.HK,亞博科技控股,彩票
8280.HK,中國數位視訊,有線電視
8281.HK,中國金典集團,化妝品
8282.HK,智傲控股,軟體發展
8283.HK,正力控股,其他服務
8285.HK,森浩集團,UNKNOWN
8286.HK,長城微光,通信設備
8287.HK,Zioncom,UNKNOWN
8290.HK,亞勢備份,軟體發展
8291.HK,萬成金屬包裝,包裝印刷
8292.HK,盛良物流,物流
8293.HK,星亞控股,其他服務
8295.HK,中植資本國際,其他金融
8296.HK,中國生命集團,其他服務
8297.HK,芭迪貝伊,內衣
8299.HK,大唐潼金,貴金屬
8300.HK,皇璽餐飲集團,餐飲
8301.HK,明華科技,通信設備
8306.HK,中國有色金屬,其他金屬礦物
8307.HK,密迪斯肌,美容保健
8308.HK,古兜控股,酒店
8309.HK,萬成環球控股,其他服務
8310.HK,大豐港,物流
8311.HK,圓美光電,通信設備
8312.HK,中國瀚亞,服裝配套
8313.HK,傑地集團,UNKNOWN
8315.HK,冠輝集團控股,其他服務
8316.HK,柏榮集團控股,建築工程
8317.HK,財華社集團,軟體發展
8319.HK,思博系統,資訊化服務
8320.HK,沛然環保,其他服務
8321.HK,泰錦控股,建築工程
8325.HK,中國支付通,電商及互聯網
8326.HK,同景新能源,新能源
8328.HK,信義香港,汽車零部件
8329.HK,海王英特龍,生物醫藥
8331.HK,飛尚非金屬,其他金屬礦物
8333.HK,阿仕特朗金融,其他金融
8337.HK,直通電訊,通信服務
8340.HK,域高金融,其他金融
8341.HK,艾碩控股,建築裝飾
8342.HK,飛思達科技,資訊化服務
8343.HK,宏光照明,電子元器件
8345.HK,火岩控股,軟體發展
8346.HK,創新電子控股,電子元器件
8347.HK,F8企業,油氣開採
8348.HK,濱海泰達物流,物流
8349.HK,美固科技控股,玻璃
8350.HK,駿溢環球金融,UNKNOWN
8351.HK,俊文寶石,珠寶首飾
8352.HK,成安控股,房屋建築
8353.HK,安科系統,軟體發展
8355.HK,超智能控股,資訊化服務
8356.HK,中國新華電視,建築工程
8358.HK,卓珈控股,美容保健
8359.HK,Hypebeast,傳媒廣告
8360.HK,利駿集團香港,建築裝飾
8361.HK,中國育兒網路,電商及互聯網
8362.HK,運興泰集團,生熟食品
8363.HK,SDM Group,教育
8365.HK,建泉國際控股,其他金融
8366.HK,浙江聯合投資,建築工程
8368.HK,中國創意控股,影視
8369.HK,,房屋建築
8370.HK,智升集團控股,傢俱家居
8371.HK,嘗高美集團,UNKNOWN
8373.HK,靛藍星,UNKNOWN
8375.HK,弘浩國際控股,UNKNOWN
8376.HK,方圓房服集團,UNKNOWN
8377.HK,申酉控股,UNKNOWN
8383.HK,東駿控股,包裝印刷
8385.HK,萬里印刷,UNKNOWN
8392.HK,舍圖控股,UNKNOWN
8395.HK,齊家控股,UNKNOWN
8400.HK,亞洲先鋒娛樂,UNKNOWN
8402.HK,GT Steel Group,UNKNOWN
8405.HK,恒智控股,其他服務
8406.HK,合寶豐年,UNKNOWN
8407.HK,興證國際,證券
8409.HK,海鑫集團,房屋建築
8410.HK,安領國際,資訊化服務
8411.HK,K W Nelson GP,建築裝飾
8412.HK,高門集團,餐飲
8413.HK,亞洲雜貨,包裝食品
8415.HK,樂嘉思控股,建築裝飾
8416.HK,HM INTL HLDGS,包裝印刷
8417.HK,大地教育,教育
8419.HK,AV策劃推廣,UNKNOWN
8420.HK,Nexion Tech,資訊化服務
8421.HK,永順控股香港,其他服務
8422.HK,WT集團,UNKNOWN
8423.HK,CHI HO DEV,建築裝飾
8425.HK,興銘控股,房屋建築
8426.HK,雅居投資控股,UNKNOWN
8427.HK,瑞強集團,混凝土
8428.HK,國茂控股,餐飲
8429.HK,冰雪集團,UNKNOWN
8430.HK,春能控股,UNKNOWN
8431.HK,浩柏國際,旅遊服務
8432.HK,太平洋酒吧,餐飲
8436.HK,德寶集團控股,UNKNOWN
8437.HK,德斯控股,UNKNOWN
8439.HK,新百利融資,其他金融
8442.HK,樺欣控股,服裝配套
8445.HK,怡康泰工程集團,UNKNOWN
8446.HK,ITP Holdings,影視配套
8450.HK,钜京控股,UNKNOWN
8452.HK,富銀融資股份,融資租賃
8455.HK,禮建德集團,建築裝飾
8456.HK,民信國際控股,UNKNOWN
8457.HK,健升物流中國,UNKNOWN
8460.HK,基地錦標集團,建築工程
8462.HK,橋英控股,其他服務
8463.HK,Tomo Holdings,汽車零部件
8465.HK,高科橋,通信設備
8469.HK,盛業資本,信貸
8470.HK,瑩嵐集團,UNKNOWN
8471.HK,新達控股,服裝配套
8472.HK,立高控股,其他服務
8476.HK,大洋環球控股,UNKNOWN
8479.HK,金泰豐國際控股,UNKNOWN
8480.HK,飛霓控股,UNKNOWN
8481.HK,盛龍錦秀國際,包裝印刷
8485.HK,竣球控股,UNKNOWN
8487.HK,ISP Global,UNKNOWN
8491.HK,Cool Link,包裝食品
8493.HK,龍皇集團,UNKNOWN
8495.HK,1957 & CO.,UNKNOWN
8501.HK,莊皇集團公司,UNKNOWN
8506.HK,福紡控股,UNKNOWN
8509.HK,威揚酒業控股,UNKNOWN
8513.HK,迎宏控股,UNKNOWN
8519.HK,Jia Group,UNKNOWN
